{"url":"https://m.facebook.com","cookies":[{"domain":".facebook.com","expirationDate":1723126131.443378,"hostOnly":false,"httpOnly":true,"name":"datr","path":"/","sameSite":"unspecified","secure":true,"session":false,"storeId":"0","value":"dGryYl1vMgvFH0o5xgTPTYwh"},{"domain":".facebook.com","expirationDate":1723126154.758574,"hostOnly":false,"httpOnly":true,"name":"sb","path":"/","sameSite":"no_restriction","secure":true,"session":false,"storeId":"0","value":"dGryYvREaXs81cF-ZE1Gkid9"},{"domain":".facebook.com","expirationDate":1667830148.758184,"hostOnly":false,"httpOnly":true,"name":"fr","path":"/","sameSite":"no_restriction","secure":true,"session":false,"storeId":"0","value":"05hWrciV4XydEbRR5.AWUK_ylknq8KGojALX15z-ZTCcI.Bi8mp0.8a.AAA.0.0.Bi8mqJ.AWU3u6hDlRc"},{"domain":".facebook.com","expirationDate":1691590151.758729,"hostOnly":false,"httpOnly":false,"name":"c_user","path":"/","sameSite":"no_restriction","secure":true,"session":false,"storeId":"0","value":"100084214248512"},{"domain":".facebook.com","expirationDate":1691590151.758844,"hostOnly":false,"httpOnly":true,"name":"xs","path":"/","sameSite":"no_restriction","secure":true,"session":false,"storeId":"0","value":"3%3A7rJa3FX4zqe4rA%3A2%3A1660054153%3A-1%3A-1"},{"domain":".facebook.com","hostOnly":false,"httpOnly":false,"name":"m_pixel_ratio","path":"/","sameSite":"unspecified","secure":true,"session":true,"storeId":"0","value":"3"},{"domain":".facebook.com","expirationDate":1660738542,"hostOnly":false,"httpOnly":false,"name":"wd","path":"/","sameSite":"lax","secure":true,"session":false,"storeId":"0","value":"360x654"}]}